<?xml version="1.0" encoding="UTF-8"?>
<model package="seopro" baseClass="xPDOObject" platform="mysql" defaultEngine="InnoDB" phpdoc-package="seopro">
    <object class="seoKeywords" table="seopro_keywords" extends="xPDOSimpleObject">
        <field key="resource" dbtype="integer" precision="10" phptype="int" null="false" default="" index="index" />
        <field key="keywords" dbtype="text" phptype="string" null="true" default="" />

        <index alias="resource" name="resource" primary="false" unique="false" type="BTREE">
            <column key="resource" length="" collation="A" null="false" />
        </index>

        <aggregate alias="Resource" class="modResource" local="resource" foreign="id" cardinality="one" owner="foreign" />
    </object>    
</model>